,metaG,metaT,metaB_digesta,metaB_tissue,hostT
Z1,0.09149701019467217,0.17314699850072,0.28794008796380616,0.24960721750090675,0.183102127655958
